No.,Name,Formula,CAS no.,molecular-weight,critical-temperature,critical-pressure,critical-molar-volume,critical-compressibility-factor,acentric-factor,enthalpy-of-formation,gibbs-energy-of-formation,standard-entropy,standard-net-enthalpy-of-combustion
-,-,-,-,MW,Tc,Pc,Vc,Zc,AcFa,EnFo_IG,GiEnFo_IG,Ent_IG,EnCo_STD
-,-,-,-,g/mol,K,MPa,m3/kmol,-,-,kJ/mol,kJ/mol,J/mol.K,kJ/mol
1,Acetaldehyde,C2H4O,75-07-0,44.053,466,5.55,0.154,0.221,0.2907,-166.4,-133.3,264.2,-11.045
2,Acetamide,C2H5NO,60-35-5,59.067,761,6.6,0.215,0.224,0.421,-238.3,-159.6,272.2,-10.741
3,Acetic acid,C2H4O2,64-19-7,60.052,591.95,5.786,0.177,0.208,0.4665,-461.1,-403,282.5,-7.866
4,Acetic anhydride,C4H6O3,108-24-7,102.089,606,4,0.29,0.23,0.4535,-572.5,-473.4,389.9,-16.75
5,Acetone,C3H6O,67-64-1,58.079,508.2,4.701,0.209,0.233,0.3065,-215.7,-151.3,295.4,-16.59
6,Acetonitrile,C2H3N,1975-05-08,41.052,545.5,4.83,0.173,0.184,0.3379,74.04,91.868,243.29,-11.9043
7,Acetylene,C2H2,74-86-2,26.037,308.3,6.138,0.112,0.268,0.1912,228.2,210.68,200.81,-12.57
8,Acrolein,C3H4O,107-02-8,56.063,506,5,0.197,0.234,0.3198,-81.8,-56.8,297,-15.468
9,Acrylic acid,C3H4O2,1979-10-07,72.063,615,5.66,0.208,0.23,0.5383,-355.91,-306,315,-13.2717
10,Acrylonitrile,C3H3N,107-13-1,53.063,535,4.48,0.212,0.214,0.3498,183.7,193.7,275.3,-16.9
11,Air,Mixture,132259-10-0,28.96,132.45,3.774,0.09147,0.313,0,0,0,199,0
12,Ammonia,H3N,7664-41-7,17.031,405.65,11.28,0.07247,0.242,0.2526,-45.898,-16.4,192.66,-3.1683
13,Anisole,C7H8O,100-66-3,108.138,645.6,4.25,0.337,0.267,0.3502,-67.9,22.7,361,-36.072
14,Argon,Ar,7440-37-1,39.948,150.86,4.898,0.07459,0.291,0,0,0,154.737,0
15,Benzamide,C7H7NO,55-21-0,121.137,824,5.05,0.346,0.255,0.5585,-100.9,-2.11,364.1,-33.9877
16,Benzene,C6H6,71-43-2,78.112,562.05,4.895,0.256,0.268,0.2103,82.88,129.6,269.3,-31.36
17,Benzenethiol,C6H6S,108-98-5,110.177,689,4.74,0.315,0.261,0.2628,111.5,147.6,336.9,-34.474
18,Benzoic acid,C7H6O2,65-85-0,122.121,751,4.47,0.344,0.246,0.6028,-294.1,-214.2,369,-30.951
19,Benzonitrile,C7H5N,100-47-0,103.121,699.35,4.215,0.3132,0.227,0.3662,215.7,257.8,321,-35.238
20,Benzophenone,C13H10O,119-61-9,182.218,830,3.352,0.5677,0.276,0.5019,56.8,173,440,-62.876
21,Benzyl alcohol,C7H8O,100-51-6,108.138,720.15,4.374,0.382,0.279,0.3631,-90.25,-2.54,371.3,-35.6
22,Benzyl ethyl ether,C9H12O,539-30-0,136.191,662,3.11,0.442,0.25,0.4332,-115,33.7,439,-48.3
23,Benzyl mercaptan,C7H8S,100-53-8,124.203,718,4.06,0.367,0.25,0.3126,93.3,163,360.7,-40.6
24,Biphenyl,C12H10,92-52-4,154.208,773,3.38,0.497,0.261,0.4029,178.49,276.3,393.67,-62.48
25,Bromine,Br2,7726-95-6,159.808,584.15,10.3,0.135,0.286,0.129,30.91,3.14,245.35,0
26,Bromobenzene,C6H5Br,108-86-1,157.008,670.15,4.519,0.324,0.263,0.2506,105.018,138.532,324.386,-30.1917
27,Bromoethane,C2H5Br,74-96-4,108.965,503.8,6.23,0.215,0.32,0.2548,-63.6,-25.82,287.3,-12.85
28,Bromomethane,CH3Br,74-83-9,94.939,467,8,0.156,0.321,0.1922,-37.7,-28.19,245.8,-7.0542
29,"1,2-Butadiene",C4H6,590-19-2,54.09,452,4.36,0.22,0.255,0.1659,162.3,198.6,293,-24.617
30,"1,3-Butadiene",C4H6,106-99-0,54.09,425,4.32,0.221,0.27,0.195,109.24,149.72,278.89,-24.09
31,Butane,C4H10,106-97-8,58.122,425.12,3.796,0.255,0.274,0.2002,-125.79,-16.7,309.91,-26.5732
32,"1,2-Butanediol",C4H10O2,584-03-2,90.121,680,5.21,0.303,0.279,0.6305,-445.8,-304.4,406.5,-22.678
33,"1,3-Butanediol",C4H10O2,107-88-0,90.121,676,4.02,0.305,0.218,0.7043,-433.2,-291.8,406.5,-22.824
34,1-Butanol,C4H10O,71-36-3,74.122,563.1,4.414,0.273,0.258,0.5883,-275.1,-150.7,361.8,-24.54
35,2-Butanol,C4H10O,78-92-2,74.122,535.9,4.188,0.27,0.254,0.5692,-292.9,-167,356.6,-24.46
36,1-Butene,C4H8,106-98-9,56.106,419.5,4.02,0.241,0.278,0.1845,-0.5,70.41,307.4,-25.408
37,cis-2-Butene,C4H8,590-18-1,56.106,435.5,4.21,0.234,0.272,0.2019,-7.4,65.36,301.2,-25.339
38,trans-2-Butene,C4H8,624-64-6,56.106,428.6,4.1,0.238,0.274,0.2176,-11,63.2,296.5,-25.3
39,Butyl acetate,C6H12O2,123-86-4,116.158,575.4,3.09,0.389,0.251,0.4394,-485.6,-312.6,442.5,-32.8
40,Butylbenzene,C10H14,104-51-8,134.218,660.5,2.89,0.497,0.262,0.3941,-13.14,145.4,439.49,-55.644
41,Butyl mercaptan,C4H10S,109-79-5,90.187,570.1,3.97,0.307,0.257,0.2714,-87.8,11.39,375.2,-29.554
42,sec-Butyl mercaptan,C4H10S,513-53-1,90.187,554,4.06,0.307,0.271,0.2506,-96.6,5.12,366.7,-29.49
43,1-Butyne,C4H6,107-00-6,54.09,440,4.6,0.208,0.262,0.247,165.2,202.25,290.39,-24.647
44,Butyraldehyde,C4H8O,123-72-8,72.106,537.2,4.32,0.258,0.25,0.2774,-207,-116.3,343.65,-23.035
45,Butyric acid,C4H8O2,107-92-6,88.105,615.7,4.06,0.293,0.232,0.6805,-475.8,-360,360.1,-20.08
46,Butyronitrile,C4H7N,109-74-0,69.105,582.25,3.79,0.278,0.218,0.3714,34.0578,108.658,325.432,-24.148
47,Carbon dioxide,CO2,124-38-9,44.01,304.21,7.383,0.094,0.274,0.2236,-393.51,-394.37,213.677,0
48,Carbon disulfide,CS2,75-15-0,76.141,552,7.9,0.16,0.275,0.1107,116.9,66.8,237.9,-10.769
49,Carbon monoxide,CO,630-08-0,28.01,132.92,3.499,0.0944,0.299,0.0482,-110.53,-137.15,197.556,-2.83
50,Carbon tetrachloride,CCl4,56-23-5,153.823,556.35,4.56,0.276,0.272,0.1926,-95.81,-53.54,309.91,-2.653
51,Carbon tetrafluoride,CF4,75-73-0,88.004,227.51,3.745,0.143,0.283,0.179,-922.1,-877.6,262,5.286
52,Chlorine,Cl2,7782-50-5,70.906,417.15,7.71,0.124,0.276,0.0688,0,0,222.972,0
53,Chlorobenzene,C6H5Cl,108-90-7,112.557,632.35,4.519,0.308,0.265,0.2499,51.09,98.29,314.03,-29.76
54,Chloroethane,C2H5Cl,75-00-3,64.514,460.35,5.27,0.2,0.275,0.1902,-112.26,-60.499,275.78,-12.849
55,Chloroform,CHCl3,67-66-3,119.378,536.4,5.472,0.239,0.293,0.2219,-102.9,-70.1,295.6,-3.8
56,Chloromethane,CH3Cl,74-87-3,50.488,416.25,6.68,0.143,0.276,0.1531,-81.96,-58.44,234.18,-6.7538
57,1-Chloropropane,C3H7Cl,540-54-5,78.541,503.15,4.58,0.247,0.27,0.2277,-133.18,-52.61,315.47,-18.67
58,2-Chloropropane,C3H7Cl,75-29-6,78.541,489,4.54,0.247,0.276,0.1986,-144.77,-61.36,305.94,-18.63
59,m-Cresol,C7H8O,108-39-4,108.138,705.85,4.56,0.312,0.242,0.448,-132.3,-40.19,356.04,-35.2783
60,o-Cresol,C7H8O,95-48-7,108.138,697.55,5.01,0.282,0.244,0.4339,-128.57,-35.43,352.59,-35.28
61,p-Cresol,C7H8O,106-44-5,108.138,704.65,5.15,0.277,0.244,0.5072,-125.35,-31.66,350.75,-35.2256
62,Cumene,C9H12,98-82-8,120.192,631,3.209,0.434,0.265,0.3274,4,137.9,386,-49.51
63,Cyanogen,C2N2,460-19-5,52.035,400.15,5.98,0.195,0.351,0.279,309.072,297.598,241.463,-10.961
64,Cyclobutane,C4H8,287-23-0,56.106,459.93,4.98,0.21,0.273,0.1847,28.5,112.2,264.396,-25.678
65,Cyclohexane,C6H12,110-82-7,84.159,553.8,4.08,0.308,0.273,0.2081,-123.3,31.91,297.276,-36.56
66,Cyclohexanol,C6H12O,108-93-0,100.159,650.1,4.26,0.322,0.254,0.369,-286.2,-109.5,327.7,-34.639
67,Cyclohexanone,C6H10O,108-94-1,98.143,653,4,0.311,0.229,0.299,-226.1,-90.28,334.26,-32.99
68,Cyclohexene,C6H10,110-83-8,82.144,560.4,4.35,0.291,0.272,0.2123,-4.6,107.7,310.518,-35.32
69,Cyclopentane,C5H10,287-92-3,70.133,511.7,4.51,0.26,0.276,0.1949,-77.03,38.85,292.9,-30.709
70,Cyclopentene,C5H8,142-29-0,68.117,507,4.8,0.245,0.279,0.1961,32.3,110.5,291.267,-29.393
71,Cyclopropane,C3H6,75-19-4,42.08,398,5.54,0.162,0.271,0.1278,53.3,104.4,237.378,-19.593
72,Cyclohexyl mercaptan,C6H12S,1569-69-3,116.224,664,3.97,0.355,0.255,0.2641,-96.02,48.86,364.6,-39.68
73,Decanal,C10H20O,112-31-2,156.265,674.2,2.6,0.58,0.269,0.582,-331.7,-67.39,579.12,-59.59
74,Decane,C10H22,124-18-5,142.282,617.7,2.11,0.617,0.254,0.4923,-249.46,33.18,545.7,-62.9422
75,Decanoic acid,C10H20O2,334-48-5,172.265,722.1,2.28,0.639,0.243,0.8126,-594.3,-305,599,-57.2
76,1-Decanol,C10H22O,112-30-1,158.281,688,2.308,0.645,0.26,0.607,-398.5,-100.2,597.1,-61.16
77,1-Decene,C10H20,872-05-9,140.266,616.6,2.223,0.584,0.253,0.4805,-122.1,122.7,543.3,-61.809
78,Decyl mercaptan,C10H22S,143-10-2,174.347,696,2.13,0.624,0.23,0.5874,-210.9,61.65,611.6,-66.161
79,1-Decyne,C10H18,764-93-2,138.25,619.85,2.37,0.552,0.254,0.5178,41,251.6,526.3,-61.037
80,Deuterium,D2,7782-39-0,4.032,38.35,1.6617,0.060263,0.314,-0.1449,0,0,144.86,-2.4625
81,"1,1-Dibromoethane",C2H4Br2,557-91-5,187.861,628,6.03,0.276,0.319,0.125,-40.8,-11.81,327.6,-11.6
82,"1,2-Dibromoethane",C2H4Br2,106-93-4,187.861,650.15,5.477,0.2616,0.265,0.2067,-38.9,-10.54,329.7,-11.769
83,Dibromomethane,CH2Br2,74-95-3,173.835,611,7.17,0.223,0.315,0.2095,0,0,292.964,0
84,Dibutyl ether,C8H18O,142-96-1,130.228,584.1,2.46,0.487,0.247,0.4476,-333.4,-88.27,501.4,-49.4691
85,m-Dichlorobenzene,C6H4Cl2,541-73-1,147.002,683.95,4.07,0.351,0.251,0.279,25.7,77.9,343.53,-28.25
86,o-Dichlorobenzene,C6H4Cl2,95-50-1,147.002,705,4.07,0.351,0.244,0.2192,30.2,82.9,341.85,-28.26
87,p-Dichlorobenzene,C6H4Cl2,106-46-7,147.002,684.75,4.07,0.351,0.251,0.2846,22.5,76.7,336.74,-28.02
88,"1,1-Dichloroethane",C2H4Cl2,75-34-3,98.959,523,5.07,0.24,0.28,0.2339,-129.41,-72.59,305.01,-11.104
89,"1,2-Dichloroethane",C2H4Cl2,107-06-2,98.959,561.6,5.37,0.22,0.253,0.2866,-129.79,-73.945,308.28,-11.05
90,Dichloromethane,CH2Cl2,1975-09-02,84.933,510,6.08,0.185,0.265,0.1986,-95.52,-68.96,270.18,-5.1388
91,"1,1-Dichloropropane",C3H6Cl2,78-99-9,112.986,560,4.24,0.291,0.265,0.2529,-150.8,-65.2,344.8,-17.2
92,"1,2-Dichloropropane",C3H6Cl2,78-87-5,112.986,572,4.24,0.291,0.259,0.2564,-162.8,-80.18,354.8,-17.07
93,Diethanol amine,C4H11NO2,111-42-2,105.136,736.6,4.27,0.349,0.243,0.9529,-408.47,-225.74,429,-24.105
94,Diethyl amine,C4H11N,109-89-7,73.137,496.6,3.71,0.301,0.27,0.3039,-71.42,73.08,352.2,-28.003
95,Diethyl ether,C4H10O,60-29-7,74.122,466.7,3.64,0.28,0.263,0.2811,-252.1,-122.1,342.3,-25.035
96,Diethyl sulfide,C4H10S,352-93-2,90.187,557.15,3.96,0.318,0.272,0.29,-83.56,17.74,368.1,-29.607
97,"1,1-Difluoroethane",C2H4F2,75-37-6,66.05,386.44,4.52,0.179,0.252,0.2751,-497,-439.485,282.4,-7.73662
98,"1,2-Difluoroethane",C2H4F2,624-72-6,66.05,445,4.34,0.195,0.229,0.2224,-447.7,-391.9,288.194,-8.23
99,Difluoromethane,CH2F2,1975-10-05,52.023,351.255,5.784,0.123,0.244,0.2771,-452.3,-424.747,246.58,-1.83031
100,Di-isopropyl amine,C6H15N,108-18-9,101.19,523.1,3.2,0.418,0.308,0.3883,-143.8,64.2,412,-39.9
101,Di-isopropyl ether,C6H14O,108-20-3,102.175,500.05,2.88,0.386,0.267,0.3387,-319.2,-124.8,398.9,-37.0261
102,Di-isopropyl ketone,C7H14O,565-80-0,114.185,576,3.02,0.416,0.262,0.4044,-311.4,-123.7,427,-40.95
103,"1,1-Dimethoxyethane",C4H10O2,534-15-6,90.121,507.8,3.773,0.297,0.265,0.3277,-389.7,-238,372.6,-23.94
104,"1,2-Dimethoxypropane",C5H12O2,7778-85-0,104.148,543,3.446,0.35,0.267,0.3522,-384.2,-201.1,403.8,-29.96
105,Dimethyl acetylene,C4H6,503-17-3,54.09,473.2,4.87,0.221,0.274,0.2385,145.7,184.9,283.3,-24.189
106,Dimethyl amine,C2H7N,124-40-3,45.084,437.2,5.34,0.18,0.264,0.2999,-18.45,68.39,272.96,-16.146
107,"2,3-Dimethylbutane",C6H14,79-29-8,86.175,500,3.15,0.361,0.274,0.2493,-176.8,-3.125,365.92,-38.4761
108,"1,1-Dimethylcyclohexane",C8H16,590-66-9,112.213,591.15,2.938,0.45,0.269,0.2326,-181,35.2293,365.012,-48.639
109,"cis-1,2-Dimethylcyclohexane",C8H16,2207-01-04,112.213,606.15,2.938,0.46,0.268,0.2324,-172.172,41.2124,374.51,-48.7084
110,"trans-1,2-Dimethylcyclohexane",C8H16,6876-23-9,112.213,596.15,2.938,0.46,0.273,0.2379,-179.996,34.4761,370.912,-48.6436
111,Dimethyl disulfide,C2H6S2,624-92-0,94.199,615,5.36,0.252,0.264,0.2059,-24.2,15.16,335.291,-20.441
112,Dimethyl ether,C2H6O,115-10-6,46.068,400.1,5.37,0.17,0.2744,0.2002,-184.1,-112.8,266.7,-13.284
113,"N,N-Dimethyl formamide",C3H7NO,1968-12-02,73.094,649.6,4.42,0.26199,0.214,0.3177,-191.7,-88.4,326,-17.8871
114,"2,3-Dimethylpentane",C7H16,565-59-3,100.202,537.3,2.91,0.393,0.256,0.2964,-194.1,5.717,414.55,-44.6075
115,Dimethyl phthalate,C10H10O4,131-11-3,194.184,766,2.78,0.53,0.231,0.6568,-605,-467.749,660,-44.662
116,Dimethylsilane,C2H8Si,1111-74-6,60.17,402,3.56,0.258,0.275,0.13,-94.7,-19.25,299.53,-25.69
117,Dimethyl sulfide,C2H6S,75-18-3,62.134,503.04,5.53,0.201,0.266,0.1943,-37.24,7.302,285.85,-17.443
118,Dimethyl sulfoxide,C2H6OS,67-68-5,78.133,729,5.65,0.227,0.212,0.2806,-150.46,-81.441,306.27,-16.054
119,Dimethyl terephthalate,C10H10O4,120-61-6,194.184,772,2.78,0.529,0.229,0.6371,-644,-474,550,-44.115
120,"1,4-Dioxane",C4H8O2,123-91-1,88.105,587,5.208,0.238,0.254,0.2793,-315.8,-181.6,300.12,-21.863
121,Diphenyl ether,C12H10O,101-84-8,170.207,766.8,3.08,0.503,0.243,0.4389,52,175,413,-58.939
122,Dipropyl amine,C6H15N,142-84-7,101.19,550,3.14,0.402,0.276,0.4497,-116,86.8,429,-40.189
123,Dodecane,C12H26,112-40-3,170.335,658,1.82,0.755,0.251,0.5764,-290.72,49.81,624.15,-75.1368
124,Eicosane,C20H42,112-95-8,282.547,768,1.16,1.34,0.243,0.9069,-456.46,115.7,937.87,-123.908
125,Ethane,C2H6,74-84-0,30.069,305.32,4.872,0.1455,0.279,0.0995,-83.82,-31.92,229.12,-14.2864
126,Ethanol,C2H6O,64-17-5,46.068,514,6.137,0.168,0.241,0.6436,-234.95,-167.85,280.64,-12.35
127,Ethyl acetate,C4H8O2,141-78-6,88.105,523.3,3.88,0.286,0.255,0.3664,-444.5,-328,359.7,-20.61
128,Ethyl amine,C2H7N,1975-04-07,45.084,456.15,5.62,0.207,0.307,0.2848,-47.15,36.16,284.8,-15.874
129,Ethylbenzene,C8H10,100-41-4,106.165,617.15,3.609,0.374,0.263,0.3035,29.92,130.73,360.63,-43.448
130,Ethyl benzoate,C9H10O2,93-89-0,150.175,698,3.18,0.489,0.268,0.4771,-326,-190.5,455,-44.1
131,2-Ethyl butanoic acid,C6H12O2,1988-09-05,116.158,655,3.41,0.389,0.244,0.6326,-537.8,-359,423,-32.1203
132,Ethyl butyrate,C6H12O2,105-54-4,116.158,571,2.95,0.403,0.25,0.4011,-485.5,-312.2,441.7,-32.84
133,Ethylcyclohexane,C8H16,1678-91-7,112.213,609.15,3.04,0.43,0.258,0.2455,-171.5,39.55,382.6,-48.7051
134,Ethylcyclopentane,C7H14,1640-89-7,98.186,569.5,3.4,0.375,0.269,0.2701,-126.9,44.8,378.3,-42.839
135,Ethylene,C2H4,74-85-1,28.053,282.34,5.041,0.131,0.281,0.0862,52.51,68.44,219.2,-13.23
136,Ethylenediamine,C2H8N2,107-15-3,60.098,593,6.29,0.264,0.337,0.4724,-17.3,103,321.833,-16.91
137,Ethylene glycol,C2H6O2,107-21-1,62.068,720,8.2,0.191,0.262,0.5068,-392.2,-301.8,304.891,-10.527
138,Ethyleneimine,C2H5N,151-56-4,43.068,537,6.85,0.173,0.265,0.2007,123.428,177.987,250.62,-14.81
139,Ethylene oxide,C2H4O,75-21-8,44.053,469.15,7.19,0.140296,0.25876,0.1974,-52.63,-13.23,242.99,-12.18
140,Ethyl formate,C3H6O2,109-94-4,74.079,508.4,4.74,0.229,0.257,0.2847,-388.3,-303.1,328.2,-15.0696
141,2-Ethyl hexanoic acid,C8H16O2,149-57-5,144.211,674.6,2.778,0.528,0.262,0.8067,-559.5,-325,510,-44.48
142,Ethylhexyl ether,C8H18O,5756-43-4,130.228,583,2.46,0.487,0.247,0.4944,-333.7,-90.42,507.6,-49.43
143,Ethylisopropyl ether,C5H12O,625-54-7,88.148,489,3.41,0.329,0.276,0.3056,-285.8,-126.4,380,-31.03
144,Ethylisopropyl ketone,C6H12O,565-69-5,100.159,567,3.32,0.369,0.26,0.3891,-286.1,-133,406.9,-34.863
145,Ethyl mercaptan,C2H6S,1975-08-01,62.134,499.15,5.49,0.207,0.274,0.1878,-46.3,-4.814,296.1,-17.366
146,Ethyl propionate,C5H10O2,105-37-3,102.132,546,3.362,0.345,0.256,0.3944,-463.6,-319.3,402.5,-26.74
147,Ethylpropyl ether,C5H12O,628-32-0,88.148,500.23,3.37,0.339,0.275,0.3473,-272.2,-115.2,388.1,-31.2
148,Ethyltrichlorosilane,C2H5Cl3Si,115-21-9,163.506,559.95,3.33,0.414,0.296,0.2691,-595.4,-510.1,407,-16.71
149,Fluorine,F2,7782-41-4,37.997,144.12,5.172,0.066547,0.287,0.053,0,0,202.682,0
150,Fluorobenzene,C6H5F,462-06-6,96.102,560.09,4.551,0.269,0.263,0.2472,-116.566,-69.036,302.629,-28.1451
151,Fluoroethane,C2H5F,353-36-6,48.06,375.31,5.028,0.164,0.264,0.22,-264.4,-212.3,264.4,-11.27
152,Fluoromethane,CH3F,593-53-3,34.033,317.42,5.875,0.113,0.252,0.198,-234.3,-210.4,222.734,-5.219
153,Formaldehyde,CH2O,50-00-0,30.026,408,6.59,0.115,0.223,0.2818,-108.6,-102.6,218.66,-5.268
154,Formamide,CH3NO,1975-12-07,45.041,771,7.8,0.163,0.198,0.4124,-192.2,-147.1,248.57,-5.021
155,Formic acid,CH2O2,64-18-6,46.026,588,5.81,0.125,0.149,0.3173,-405.5,-377.8,248.7,-2.115
156,Furan,C4H4O,110-00-9,68.074,490.15,5.5,0.218,0.294,0.2015,-34.8,0.8225,267.14,-19.959
157,Helium-4,He,7440-59-7,4.003,5.2,0.2275,0.0573,0.302,-0.39,0,0,126.044,0
158,Heptadecane,C17H36,629-78-7,240.468,736,1.34,1.11,0.244,0.7697,-394.45,90.83,820.23,-105.618
159,Heptanal,C7H14O,111-71-7,114.185,616.8,3.16,0.434,0.267,0.4279,-269.4,-91.91,461.38,-41.36
160,Heptane,C7H16,142-82-5,100.202,540.2,2.74,0.428,0.261,0.3495,-187.65,8.165,427.98,-44.6473
161,Heptanoic acid,C7H14O2,111-14-8,130.185,677.3,3.043,0.466,0.252,0.7564,-536.2,-334,480,-38.39
162,1-Heptanol,C7H16O,111-70-6,116.201,632.3,3.085,0.444,0.261,0.5621,-336.8,-125.5,479.5,-42.85
163,2-Heptanol,C7H16O,543-49-7,116.201,608.3,3.001,0.447,0.265,0.5628,-355.4,-142.5,474,-42.82
164,3-Heptanone,C7H14O,106-35-4,114.185,606.6,2.92,0.433,0.251,0.4076,-301,-122.5,458,-40.98
165,2-Heptanone,C7H14O,110-43-0,114.185,611.4,2.94,0.434,0.251,0.419,-300.453,-119.6,448.6,-40.9952
166,1-Heptene,C7H14,592-76-7,98.186,537.4,2.92,0.402,0.263,0.3432,-62.89,94.82,425.2,-43.499
167,Heptyl mercaptan,C7H16S,1639-09-4,132.267,645,2.77,0.465,0.24,0.4226,-149.5,36.22,493.9,-47.865
168,1-Heptyne,C7H12,628-71-7,96.17,547,3.21,0.387,0.273,0.3778,103,227,408.5,-42.717
169,Hexadecane,C16H34,544-76-3,226.441,723,1.4,1.04,0.243,0.7174,-374.17,82.16,781.02,-99.5145
170,Hexanal,C6H12O,66-25-1,100.159,591,3.46,0.369,0.26,0.3872,-248.6,-100.05,422.14,-35.2
171,Hexane,C6H14,110-54-3,86.175,507.6,3.025,0.371,0.266,0.3013,-166.94,-0.06634,388.74,-38.551
172,Hexanoic acid,C6H12O2,142-62-1,116.158,660.2,3.308,0.408,0.246,0.7299,-511.9,-338,441,-32.3
173,1-Hexanol,C6H14O,111-27-3,102.175,611.3,3.446,0.382,0.259,0.5586,-316.2,-133.9,440.2,-36.75
174,2-Hexanol,C6H14O,626-93-7,102.175,585.3,3.311,0.385,0.262,0.5574,-334.6,-150.6,434.9,-36.7
175,2-Hexanone,C6H12O,591-78-6,100.159,587.61,3.287,0.378,0.254,0.3846,-279.826,-130.081,417.856,-34.9
176,3-Hexanone,C6H12O,589-38-8,100.159,582.82,3.32,0.378,0.259,0.3801,-277.6,-126,409.2,-34.92
177,1-Hexene,C6H12,592-41-6,84.159,504,3.21,0.348,0.267,0.2888,-41.67,87,386.3,-37.397
178,3-Hexyne,C6H10,928-49-4,82.144,544,3.53,0.331,0.258,0.2183,106,199,376,-36.4
179,Hexyl mercaptan,C6H14S,111-31-9,118.24,623,3.08,0.412,0.245,0.3681,-129.2,27.59,454.6,-41.762
180,1-Hexyne,C6H10,693-02-7,82.144,516.2,3.62,0.322,0.272,0.3327,123.7,218.5,369.4,-36.61
181,2-Hexyne,C6H10,764-35-2,82.144,549,3.53,0.331,0.256,0.2214,105,199,372,-36.4
182,Hydrazine,H4N2,302-01-2,32.045,653.15,14.7,0.158,0.428,0.3143,95.353,159.17,238.61,-5.342
183,Hydrogen,H2,1333-74-0,2.016,33.19,1.313,0.064147,0.305,-0.216,0,0,130.571,-2.4182
184,Hydrogen bromide,HBr,10035-10-6,80.912,363.15,8.552,0.1,0.283,0.0734,-36.29,-53.34,198.591,-0.6904
185,Hydrogen chloride,HCl,7647-01-0,36.461,324.65,8.31,0.081,0.249,0.1315,-92.31,-95.3,186.786,-0.286
186,Hydrogen cyanide,CHN,74-90-8,27.025,456.65,5.39,0.139,0.197,0.4099,135.143,124.725,201.719,-6.2329
187,Hydrogen fluoride,HF,7664-39-3,20.006,461.15,6.48,0.069,0.117,0.3823,-273.3,-275.4,173.67,1.524
188,Hydrogen sulfide,H2S,7783-06-04,34.081,373.53,8.963,0.0985,0.284,0.0942,-20.63,-33.44,205.6,-5.18
189,Isobutyric acid,C4H8O2,79-31-2,88.105,605,3.7,0.292,0.215,0.6141,-484.1,-362.1,341.2,-20.004
190,Isopropyl amine,C3H9N,75-31-0,59.11,471.85,4.54,0.221,0.256,0.2759,-83.8,31.92,312.4,-21.566
191,Malonic acid,C3H4O4,141-82-2,104.061,805,5.64,0.258,0.217,0.9418,-766.8,-670,370,-7.732
192,Methacrylic acid,C4H6O2,79-41-4,86.089,662,4.79,0.28,0.244,0.3318,-368,-288,350,-19.3
193,Methane,CH4,74-82-8,16.042,190.564,4.599,0.0986,0.286,0.0115,-74.52,-50.49,186.27,-8.0262
194,Methanol,CH4O,67-56-1,32.042,512.5,8.084,0.117,0.222,0.5658,-200.94,-162.32,239.88,-6.382
195,N-Methyl acetamide,C3H7NO,79-16-3,73.094,718,4.98,0.267,0.223,0.4351,-240,-135,320,-17.1
196,Methyl acetate,C3H6O2,79-20-9,74.079,506.55,4.75,0.228,0.257,0.3313,-411.9,-324.2,319.8,-14.61
197,Methyl acetylene,C3H4,74-99-7,40.064,402.4,5.63,0.164,0.276,0.2115,184.9,193.84,248.36,-18.487
198,Methyl acrylate,C4H6O2,96-33-3,86.089,536,4.25,0.27,0.258,0.3423,-333,-257,366,-19.303
199,Methyl amine,CH5N,74-89-5,31.057,430.05,7.46,0.154,0.321,0.2814,-22.97,32.07,243.3,-9.7508
200,Methyl benzoate,C8H8O2,93-58-3,136.148,693,3.59,0.436,0.272,0.4205,-287.9,-181,414,-37.72
201,"3-Methyl-1,2-butadiene",C5H8,598-25-4,68.117,490,3.83,0.291,0.274,0.1874,129.08,197.5,321.51,-30.32
202,2-Methylbutane,C5H12,78-78-4,72.149,460.4,3.38,0.306,0.27,0.2279,-153.7,-14.05,343.74,-32.3954
203,2-Methylbutanoic acid,C5H10O2,116-53-0,102.132,643,3.89,0.347,0.252,0.5894,-498,-349.9,390,-26.22
204,3-Methyl-1-butanol,C5H12O,123-51-3,88.148,577.2,3.93,0.329,0.269,0.5939,-303,-141,386.9,-30.62
205,2-Methyl-1-butene,C5H10,563-46-2,70.133,465,3.447,0.292,0.26,0.2341,-35.3,66.68,339.5,-31.159
206,2-Methyl-2-butene,C5H10,513-35-9,70.133,470,3.42,0.292,0.256,0.287,-41.8,60.45,338.6,-31.088
207,2-Methyl-1-butene-3-yne,C5H6,78-80-8,66.101,492,4.38,0.248,0.266,0.137,260,302.5,278,-29.3
208,Methylbutyl ether,C5H12O,628-28-4,88.148,512.74,3.371,0.329,0.26,0.313,-258.1,-101.7,390.1,-31.2818
209,Methylbutyl sulfide,C5H12S,628-29-5,104.214,593,3.47,0.36,0.253,0.3229,-102,26.91,411.8,-35.723
210,3-Methyl-1-butyne,C5H8,598-23-2,68.117,463.2,4.2,0.275,0.3,0.3081,138,207.2,318.9,-30.46
211,Methyl butyrate,C5H10O2,623-42-7,102.132,554.5,3.473,0.34,0.256,0.3775,-450.7,-305.3,398.8,-26.86
212,Methylchlorosilane,CH5ClSi,993-00-0,80.589,442,4.17,0.246,0.279,0.2252,-215,-166.1,298.277,-16.93
213,Methylcyclohexane,C7H14,108-87-2,98.186,572.1,3.48,0.369,0.27,0.2361,-154.8,27.33,343.3,-42.5714
214,1-Methylcyclohexanol,C7H14O,590-67-0,114.185,686,4,0.374,0.262,0.2213,-332,-129,375,-40.58
215,cis-2-Methylcyclohexanol,C7H14O,7443-70-1,114.185,614,3.79,0.374,0.278,0.6805,-327,-126.8,385.3,-40.574
216,trans-2-Methylcyclohexanol,C7H14O,7443-52-9,114.185,617,3.79,0.374,0.276,0.679,-352.6,-152.4,385.3,-40.318
217,Methylcyclopentane,C6H12,96-37-7,84.159,532.7,3.79,0.319,0.273,0.2288,-106.2,36.3,339.9,-36.741
218,1-Methylcyclopentene,C6H10,693-89-0,82.144,542,4.13,0.303,0.278,0.2318,-3.8,103.8,326.4,-35.34
219,3-Methylcyclopentene,C6H10,1120-62-3,82.144,526,4.13,0.303,0.286,0.2296,7.4,113.8,330.5,-35.464
220,Methyldichlorosilane,CH4Cl2Si,75-54-7,115.034,483,3.95,0.289,0.284,0.2758,-402,-348.3,328.7,-13.57
221,Methylethyl ether,C3H8O,540-67-0,60.095,437.8,4.4,0.221,0.267,0.2314,-216.4,-117.1,308.81,-19.314
222,Methylethyl ketone,C4H8O,78-93-3,72.106,535.5,4.15,0.267,0.249,0.3234,-239,-147,339.4,-22.68
223,Methylethyl sulfide,C3H8S,624-89-5,76.161,533,4.26,0.254,0.244,0.2091,-59.6,11.47,333.2,-23.54
224,Methyl formate,C2H4O2,107-31-3,60.052,487.2,6,0.172,0.255,0.2556,-352.4,-295,285.2,-8.924
225,Methylisobutyl ether,C5H12O,625-44-5,88.148,497,3.41,0.329,0.272,0.3078,-266,-107,381,-31.22
226,Methylisobutyl ketone,C6H12O,108-10-1,100.159,574.6,3.27,0.369,0.253,0.3557,-286.4,-135.1,412.9,-34.762
227,Methyl Isocyanate,C2H3NO,624-83-9,57.051,488,5.48,0.202,0.273,0.3007,-62.4,0.244,195.5,-10.6
228,Methylisopropyl ether,C4H10O,598-53-8,74.122,464.48,3.762,0.276,0.269,0.2656,-252,-121.8,341.6,-25.311
229,Methylisopropyl ketone,C5H10O,563-80-4,86.132,553.4,3.8,0.31,0.256,0.3208,-262.6,-139.3,369.9,-28.77
230,Methylisopropyl sulfide,C4H10S,1551-21-9,90.187,553.1,4.021,0.328,0.28718,0.2461,-89.6,14.509,359,-29.57
231,Methyl mercaptan,CH4S,74-93-1,48.107,469.95,7.23,0.145,0.268,0.1582,-22.9,-9.8,255,-11.517
232,Methyl methacrylate,C5H8O2,80-62-6,100.116,566,3.68,0.323,0.253,0.2802,-360,-254,401,-25.4
233,2-Methyloctanoic acid,C9H18O2,3004-93-1,158.238,694,2.54,0.572,0.252,0.7913,-579.5,-318,553.3,-50.56
234,2-Methylpentane,C6H14,107-83-5,86.175,497.7,3.04,0.368,0.27,0.2791,-174.55,-5.338,380.89,-38.4915
235,Methyl pentyl ether,C6H14O,628-80-8,102.175,546.49,3.042,0.38,0.254,0.3442,-278,-93.5,432,-37.39
236,2-Methylpropane,C4H10,75-28-5,58.122,407.8,3.64,0.259,0.278,0.1835,-134.99,-21.44,295.5,-26.4895
237,2-Methyl-2-propanol,C4H10O,75-65-0,74.122,506.2,3.972,0.275,0.26,0.6152,-312.4,-177.6,326.3,-24.239
238,2-Methyl propene,C4H8,115-11-7,56.106,417.9,4,0.239,0.275,0.1948,-17.1,58.08,293.09,-25.242
239,Methyl propionate,C4H8O2,554-12-1,88.105,530.6,4.004,0.282,0.256,0.3466,-427.5,-311,359.6,-20.78
240,Methylpropyl ether,C4H10O,557-17-5,74.122,476.25,3.801,0.276,0.265,0.277,-238.2,-111,352,-25.1739
241,Methylpropyl sulfide,C4H10S,3877-15-4,90.187,565,3.97,0.307,0.259,0.2737,-82.3,17.93,371.7,-29.62
242,Methylsilane,CH6Si,992-94-9,46.144,352.5,4.7,0.205,0.329,0.1314,-29.1,18.53,256.5,-19.99
243,alpha-Methyl styrene,C9H10,98-83-9,118.176,654,3.36,0.399,0.247,0.323,118.3,217.3,372.5,-48.214
244,Methyl tert-butyl ether,C5H12O,1634-04-4,88.148,497.1,3.287,0.314,0.25,0.2466,-283.2,-117,357.8,-31.05
245,Methyl vinyl ether,C3H6O,107-25-5,58.079,437,4.67,0.21,0.27,0.2416,-108,-47.3,308,-17.7431
246,Naphthalene,C10H8,91-20-3,128.171,748.4,4.05,0.407,0.265,0.302,150.58,224.08,333.15,-49.809
247,Neon,Ne,7440-01-09,20.18,44.4,2.653,0.0417,0.3,-0.0396,0,0,146.219,0
248,Nitroethane,C2H5NO2,79-24-3,75.067,593,5.16,0.236,0.247,0.3803,-102.1,-6.125,316.8,-12.5
249,Nitrogen,N2,7727-37-9,28.013,126.2,3.4,0.08921,0.289,0.0377,0,0,191.5,0
250,Nitrogen trifluoride,F3N,7783-54-2,71.002,234,4.461,0.11875,0.272,0.12,-132.089,-90.6,260.62,0
251,Nitromethane,CH3NO2,75-52-5,61.04,588.15,6.31,0.173,0.223,0.348,-74.7,-6.934,275.1,-6.432
252,Nitrous oxide,N2O,10024-97-2,44.013,309.57,7.245,0.0974,0.274,0.1409,82.05,104.16,219.85,-0.820482
253,Nitric oxide,NO,10102-43-9,30.006,180.15,6.48,0.058,0.251,0.5829,90.25,86.57,210.6,-0.902489
254,Nonadecane,C19H40,629-92-5,268.521,758,1.21,1.26,0.242,0.8522,-435.79,107.4,898.66,-117.812
255,Nonanal,C9H18O,124-19-6,142.239,658,2.73,0.527,0.263,0.5117,-310.9,-75.53,539.88,-53.5
256,Nonane,C9H20,111-84-2,128.255,594.6,2.29,0.551,0.255,0.4435,-228.74,24.98,506.4,-56.8455
257,Nonanoic acid,C9H18O2,112-05-0,158.238,710.7,2.514,0.584,0.248,0.7724,-577.3,-317,559,-50.61
258,1-Nonanol,C9H20O,143-08-8,144.255,670.9,2.527,0.576,0.261,0.5841,-377.9,-108.6,557.9,-55.06
259,2-Nonanol,C9H20O,628-99-9,144.255,649.5,2.541,0.577,0.271,0.5911,-397.1,-126.1,552.3,-55.06
260,1-Nonene,C9H18,124-11-8,126.239,593.1,2.428,0.524,0.258,0.4367,-103.5,112.3,504.1,-55.716
261,Nonyl mercaptan,C9H20S,1455-21-6,160.32,681,2.31,0.571,0.233,0.526,-190.8,52.8,572.4,-60.06
262,1-Nonyne,C9H16,3452-09-03,124.223,598.05,2.61,0.497,0.261,0.471,61.7,243.4,486.99,-54.93
263,Octadecane,C18H38,593-45-3,254.494,747,1.27,1.19,0.243,0.8114,-415.12,99.1,859.45,-111.715
264,Octanal,C8H16O,124-13-0,128.212,638.9,2.96,0.488,0.272,0.4636,-290.2,-83.77,500.63,-47.4
265,Octane,C8H18,111-65-9,114.229,568.7,2.49,0.486,0.256,0.3996,-208.75,16,467.23,-50.7415
266,Octanoic acid,C8H16O2,124-07-2,144.211,694.26,2.779,0.523,0.252,0.7706,-556,-325,520,-44.48
267,1-Octanol,C8H18O,111-87-5,130.228,652.3,2.783,0.509,0.261,0.5697,-357.3,-117,518.7,-48.95
268,2-Octanol,C8H18O,123-96-6,130.228,629.8,2.749,0.512,0.269,0.5807,-376.2,-134.3,513.2,-48.94
269,2-Octanone,C8H16O,111-13-7,128.212,632.7,2.64,0.497,0.249,0.4549,-321.6,-113.8,496.2,-46.984
270,3-Octanone,C8H16O,106-68-3,128.212,627.7,2.704,0.497,0.257,0.4406,-339,-128.1,487.9,-47.11
271,1-Octene,C8H16,111-66-0,112.213,566.9,2.663,0.464,0.262,0.3921,-81.94,105.7,463.7,-49.61
272,Octyl mercaptan,C8H18S,111-88-6,146.294,667.3,2.52,0.518,0.235,0.4497,-170.1,44.57,533.1,-53.962
273,1-Octyne,C8H14,629-05-0,110.197,574,2.88,0.442,0.267,0.4233,82.3,235,447.8,-48.8145
274,Oxalic acid,C2H2O4,144-62-7,90.035,804,7.02,0.205,0.215,0.9176,-723.7,-661.4,343.3,-1.989
275,Oxygen,O2,7782-44-7,31.999,154.58,5.043,0.0734,0.288,0.0222,0,0,205.043,0
276,Ozone,O3,10028-15-6,47.998,261,5.57,0.089,0.228,0.2119,142.671,163.164,238.823,-1.42671
277,Pentadecane,C15H32,629-62-9,212.415,708,1.48,0.969,0.244,0.6863,-353.11,74.26,741.81,-93.4237
278,Pentanal,C5H10O,110-62-3,86.132,566.1,3.97,0.313,0.264,0.3472,-227.8,-107.1,382.89,-29.1
279,Pentane,C5H12,109-66-0,72.149,469.7,3.37,0.313,0.27,0.2515,-146.76,-8.813,349.45,-32.4494
280,Pentanoic acid,C5H10O2,109-52-4,102.132,639.16,3.63,0.35,0.239,0.7052,-491.3,-347,402,-26.17
281,1-Pentanol,C5H12O,71-41-0,88.148,588.1,3.897,0.326,0.258,0.5748,-295.7,-142.3,401,-30.64
282,2-Pentanol,C5H12O,6032-29-7,88.148,561,3.7,0.326,0.259,0.5549,-313.7,-158.8,395.8,-30.58
283,2-Pentanone,C5H10O,107-87-9,86.132,561.08,3.694,0.301,0.238,0.3433,-259.2,-138.3,378.6,-28.7956
284,3-Pentanone,C5H10O,96-22-0,86.132,560.95,3.74,0.336,0.269,0.3448,-257.9,-134.4,370,-28.804
285,1-Pentene,C5H10,109-67-1,70.133,464.8,3.56,0.293,0.27,0.2372,-21.62,78.37,346.2,-31.3037
286,2-Pentyl mercaptan,C5H12S,2084-19-7,104.214,584.3,3.536,0.385,0.28,0.2685,-113,18.14,405,-35.64
287,Pentyl mercaptan,C5H12S,110-66-7,104.214,598,3.47,0.359,0.251,0.3207,-108.4,19.4408,415.4,-35.641
288,1-Pentyne,C5H8,627-19-0,68.117,481.2,4.17,0.277,0.289,0.2899,144.4,210.3,329.8,-30.51
289,2-Pentyne,C5H8,627-21-4,68.117,519,4.03,0.276,0.258,0.1752,128.9,194.5,330.84,-30.291
290,Phenanthrene,C14H10,1985-01-08,178.229,869,2.9,0.554,0.222,0.4707,201.2,302.19,394.5,-68.282
291,Phenol,C6H6O,108-95-2,94.111,694.25,6.13,0.229,0.243,0.4435,-96.399,-32.637,314.81,-29.21
292,Phenyl isocyanate,C7H5NO,103-71-9,119.121,653,4.06,0.37,0.277,0.4123,-14.54,48.7212,352.7,-32.98
293,Phthalic anhydride,C8H4O3,85-44-9,148.116,791,4.72,0.421,0.302,0.7025,-371.4,-307.001,399.5,-31.715
294,Propadiene,C3H4,463-49-0,40.064,394,5.25,0.165,0.264,0.1041,190.5,200.8,243.9,-18.563
295,Propane,C3H8,74-98-6,44.096,369.83,4.248,0.2,0.276,0.1523,-104.68,-24.39,270.2,-20.4311
296,1-Propanol,C3H8O,71-23-8,60.095,536.8,5.169,0.219,0.254,0.6209,-254.6,-159.9,322.6,-18.44
297,2-Propanol,C3H8O,67-63-0,60.095,508.3,4.765,0.222,0.25,0.6544,-272.1,-175.2,317.5,-18.34
298,Propenylcyclohexene,C3H14,13511-13-2,122.207,636,3.12,0.437,0.258,0.342,46.77,208.5,423.3,-52.32
299,Propionaldehyde,C3H6O,123-38-6,58.079,504.4,4.92,0.204,0.239,0.2559,-186.3,-124.6,304.4,-16.857
300,Propionic acid,C3H6O2,1979-09-04,74.079,600.81,4.668,0.235,0.22,0.5796,-479.9,-385,294.9,-13.95
301,Propionitrile,C3H5N,107-12-0,55.079,564.4,4.18,0.229,0.204,0.3243,51.8,97.4949,286.14,-18.007
302,Propyl acetate,C5H10O2,109-60-4,102.132,549.73,3.36,0.345,0.254,0.3889,-464.8,-320.4,402.3,-26.72
303,Propyl amine,C3H9N,107-10-8,59.11,496.95,4.74,0.26,0.298,0.2798,-70.5,41.7,324.2,-21.65
304,Propylbenzene,C9H12,103-65-1,120.192,638.35,3.2,0.44,0.265,0.3444,7.9,137.6,400.14,-49.5415
305,Propylene,C3H6,115-07-1,42.08,364.85,4.6,0.185,0.281,0.1376,20.23,62.64,267,-19.262
306,Propyl formate,C4H8O2,110-74-7,88.105,538,4.02,0.285,0.256,0.3088,-407.6,-293.6,367.8,-20.41
307,2-Propyl mercaptan,C3H8S,75-33-2,76.161,517,4.75,0.254,0.281,0.2138,-75.9,-2.18,324.3,-23.398
308,Propyl mercaptan,C3H8S,107-03-9,76.161,536.6,4.63,0.254,0.264,0.2318,-67.5,2.583,336.5,-23.458
309,"1,2-Propylene glycol",C3H8O2,57-55-6,76.094,626,6.1,0.239,0.28,1.1065,-421.5,-304,352,-16.476
310,Quinone,C6H4O2,106-51-4,108.095,683,5.96,0.291,0.305,0.4945,-122.9,-69.2,320.5,-26.58
311,Silicon tetrafluoride,F4Si,7783-61-1,104.079,259,3.72,0.202,0.349,0.3858,-1614.94,-1572.7,282.651,7.055
312,Styrene,C8H8,100-42-5,104.149,636,3.84,0.352,0.256,0.2971,147.4,213.9,345.1,-42.19
313,Succinic acid,C4H6O4,110-15-6,118.088,806,4.71,0.317,0.223,0.9922,-822.9,-697.3,403.4,-13.591
314,Sulfur dioxide,O2S,7446-09-05,64.064,430.75,7.884,0.122,0.269,0.2454,-296.84,-300.12,248.1,0
315,Sulfur hexafluoride,F6S,2551-62-4,146.055,318.69,3.76,0.19852,0.282,0.2151,-1220.47,-1116.53,291.625,9.24
316,Sulfur trioxide,O3S,7446-11-09,80.063,490.85,8.21,0.127,0.255,0.424,-395.72,-370.95,256.51,1.422
317,Terephthalic acid,C8H6O4,100-21-0,166.131,1113,3.95,0.424,0.181,1.0591,-717.9,-599,448,-30.576
318,o-Terphenyl,C18H14,84-15-1,230.304,857,2.99,0.731,0.307,0.5513,276.6,423,526.3,-90.53
319,Tetradecane,C14H30,629-59-4,198.388,693,1.57,0.897,0.244,0.643,-332.44,65.99,702.59,-87.3282
320,Tetrahydrofuran,C4H8O,109-99-9,72.106,540.15,5.19,0.224,0.259,0.2254,-184.18,-79.69,297.29,-23.25
321,"1,2,3,4-Tetrahydronaphthalene",C10H12,119-64-2,132.202,720,3.65,0.408,0.249,0.3353,26.61,167.1,369.64,-53.575
322,Tetrahydrothiophene,C4H8S,110-01-0,88.171,631.95,5.16,0.249,0.245,0.1996,-33.76,45.9,310,-27.6549
323,"2,2,3,3-Tetramethylbutane",C8H18,594-82-1,114.229,568,2.87,0.461,0.28,0.245,-225.6,22.39,389.3,-50.639
324,Thiophene,C4H4S,110-02-1,84.14,579.35,5.69,0.219,0.259,0.197,115.44,126.7,278.4,-24.352
325,Toluene,C7H8,108-88-3,92.138,591.75,4.108,0.316,0.264,0.264,50.17,122.2,320.99,-37.34
326,"1,1,2-Trichloroethane",C2H3Cl3,79-00-5,133.404,602,4.48,0.281,0.252,0.2591,-142,-80.97,337.1,-9.685
327,Tridecane,C13H28,629-50-5,184.361,675,1.68,0.826,0.247,0.6174,-311.77,57.71,663.37,-81.229
328,Triethyl amine,C6H15N,121-44-8,101.19,535.15,3.04,0.39,0.266,0.3162,-95.8,114.1,405.4,-40.405
329,Trimethyl amine,C3H9N,75-50-3,59.11,433.25,4.07,0.254,0.287,0.2062,-24.31,98.99,287,-22.449
330,"1,2,3-Trimethylbenzene",C9H12,526-73-8,120.192,664.5,3.454,0.414,0.259,0.3666,-9.5,126.1,380.5,-49.34
331,"1,2,4-Trimethylbenzene",C9H12,95-63-6,120.192,649.1,3.232,0.43,0.258,0.3787,-13.8,117.1,396.1,-49.307
332,"2,2,4-Trimethylpentane",C8H18,540-84-1,114.229,543.8,2.57,0.468,0.266,0.3035,-224.01,13.94,422.96,-50.6528
333,"2,3,3-Trimethylpentane",C8H18,560-21-4,114.229,573.5,2.82,0.455,0.269,0.2903,-218.45,18.28,427.02,-50.6876
334,"1,3,5-Trinitrobenzene",C6H3N3O6,99-35-4,213.105,846,3.39,0.479,0.231,0.8623,62.4,267.9,443.5,-26.867
335,"2,4,6-Trinitrotoluene",C7H5N3O6,118-96-7,227.131,828,3.04,0.572,0.253,0.8972,43.4,284.4,460.7,-32.959
336,Undecane,C11H24,1120-21-4,156.308,639,1.95,0.685,0.252,0.5303,-270.43,41.16,584.93,-69.036
337,1-Undecanol,C11H24O,112-42-5,172.308,703.9,2.119,0.715,0.259,0.6236,-419,-91.77,636.3,-67.26
338,Vinyl acetate,C4H6O2,108-05-4,86.089,519.13,3.958,0.27,0.248,0.3513,-314.9,-227.9,328,-19.5
339,Vinyl acetylene,C4H4,689-97-4,52.075,454,4.86,0.205,0.264,0.1069,304.6,306,279.4,-23.62
340,Vinyl chloride,C2H3Cl,1975-01-04,62.498,432,5.67,0.179,0.283,0.1001,28.45,41.95,273.54,-11.78
341,Vinyl trichlorosilane,C2H3Cl3Si,75-94-5,161.49,543.15,3.06,0.408,0.276,0.2815,-481.16,-425.514,373.966,-15.44
342,Water,H2O,7732-18-5,18.015,647.096,22.064,0.0559472,0.229,0.3449,-241.814,-228.59,188.724,0
343,m-Xylene,C8H10,108-38-3,106.165,617,3.541,0.375,0.259,0.3265,17.32,118.76,358.54,-43.318
344,o-Xylene,C8H10,95-47-6,106.165,630.3,3.732,0.37,0.264,0.3101,19.08,122,353.83,-43.33
345,p-Xylene,C8H10,106-42-3,106.165,616.2,3.511,0.378,0.259,0.3218,18.03,121.4,352.165,-43.33
